n_lanes,dedicated_edges,time_saving_pct,speed_improvement_pct,vc_reduction_pct,construction_cost_million,annual_benefit_million,npv_net_million,bc_ratio,av_total_time,av_avg_speed
1,"[('5_163.48', '5_163.36')]",-0.30644080615527486,-0.02636301171407353,-0.24485397646635626,0.2317449599999539,-4.726973885342067,-36.732184319790264,-157.5026242633176,10315.117236313368,94.1728623962767
2,"[('5_163.48', '5_163.36'), ('5_164.22', '5_163.48')]",-2.277672656334373,-0.20291006902724576,-1.8103130837600778,1.6608388799999714,-35.13402572239301,-272.95647250348,-163.34855649783717,10517.830915227041,94.0065591363806
3,"[('5_163.48', '5_163.36'), ('5_164.22', '5_163.48'), ('5_165.29', '5_164.22')]",-2.507444525364303,-0.07844821835737925,-2.1224075612505113,3.727231439999958,-38.678350116123966,-302.391198534914,-80.13024463404865,10541.459744518581,94.12379933179425
