n_lanes,time_saving_pct,speed_improvement_pct,congestion_reduction_pct,construction_cost_million,annual_benefit_million,bc_ratio
1,-0.008669033639465617,-0.008668282183165767,0.0,0.692016200000011,-0.014835741264469106,-0.021438430580770898
2,-0.015926829244601107,-0.015924293009637193,0.0,2.5427571999999743,-0.027256361857980665,-0.010719215290386728
3,-0.024192652017097038,-0.024186800588599244,0.0,5.793623999999944,-0.04140206864500215,-0.007146143526918997
