{
    "p_values": [
        0,
        0.1,
        0.3,
        0.5,
        0.7,
        0.9,
        1.0
    ],
    "total_travel_times": [
        4038.1473008229987,
        4101.943996864852,
        4248.68965578205,
        4412.821587856574,
        4588.320092800149,
        4771.586520476075,
        4865.390857084748
    ],
    "average_speeds": [
        84.83418602788043,
        85.96463816236493,
        87.72599222423254,
        89.0176256028192,
        89.99312948138316,
        90.74878273898173,
        91.06459760546025
    ],
    "demand_changes": [
        -100.0,
        -100.0,
        -100.0,
        -100.0,
        -100.0,
        -100.0,
        -100.0
    ],
    "elasticity_model_coef": [],
    "elasticity_model_intercept": 0,
    "analysis_date": "2026-01-27T16:27:09.146544",
    "av_lane_analysis": [
        {
            "p": 0.0,
            "n_lanes": 1,
            "av_lane_edges": [
                [
                    "5_163.36",
                    "5_163.48"
                ]
            ],
            "time_saving": 0.0,
            "time_saving_pct": 0.0,
            "construction_cost": 193120.79999996157,
            "annual_benefit": 0.0,
            "npv_net": -193120.79999996157,
            "bc_ratio": 0.0,
            "avg_lane_length": 0.19312079999996157,
            "base_total_time": NaN
        },
        {
            "p": 0.0,
            "n_lanes": 0,
            "av_lane_edges": [],
            "time_saving": 0.0,
            "time_saving_pct": 0.0,
            "construction_cost": 0.0,
            "annual_benefit": 0.0,
            "npv_net": 0.0,
            "bc_ratio": 0.0,
            "avg_lane_length": 0.0,
            "base_total_time": 4038.1473008229987
        },
        {
            "p": 0.3,
            "n_lanes": 1,
            "av_lane_edges": [
                [
                    "5_163.36",
                    "5_163.48"
                ]
            ],
            "time_saving": 0.0,
            "time_saving_pct": 0.0,
            "construction_cost": 193120.79999996157,
            "annual_benefit": 0.0,
            "npv_net": -193120.79999996157,
            "bc_ratio": 0.0,
            "avg_lane_length": 0.19312079999996157,
            "base_total_time": NaN
        },
        {
            "p": 0.3,
            "n_lanes": 0,
            "av_lane_edges": [],
            "time_saving": 0.0,
            "time_saving_pct": 0.0,
            "construction_cost": 0.0,
            "annual_benefit": 0.0,
            "npv_net": 0.0,
            "bc_ratio": 0.0,
            "avg_lane_length": 0.0,
            "base_total_time": 4248.68965578205
        },
        {
            "p": 0.5,
            "n_lanes": 1,
            "av_lane_edges": [
                [
                    "5_163.36",
                    "5_163.48"
                ]
            ],
            "time_saving": 0.0,
            "time_saving_pct": 0.0,
            "construction_cost": 193120.79999996157,
            "annual_benefit": 0.0,
            "npv_net": -193120.79999996157,
            "bc_ratio": 0.0,
            "avg_lane_length": 0.19312079999996157,
            "base_total_time": NaN
        },
        {
            "p": 0.5,
            "n_lanes": 0,
            "av_lane_edges": [],
            "time_saving": 0.0,
            "time_saving_pct": 0.0,
            "construction_cost": 0.0,
            "annual_benefit": 0.0,
            "npv_net": 0.0,
            "bc_ratio": 0.0,
            "avg_lane_length": 0.0,
            "base_total_time": 4412.821587856574
        },
        {
            "p": 0.7,
            "n_lanes": 1,
            "av_lane_edges": [
                [
                    "5_163.36",
                    "5_163.48"
                ]
            ],
            "time_saving": 0.0,
            "time_saving_pct": 0.0,
            "construction_cost": 193120.79999996157,
            "annual_benefit": 0.0,
            "npv_net": -193120.79999996157,
            "bc_ratio": 0.0,
            "avg_lane_length": 0.19312079999996157,
            "base_total_time": NaN
        },
        {
            "p": 0.7,
            "n_lanes": 0,
            "av_lane_edges": [],
            "time_saving": 0.0,
            "time_saving_pct": 0.0,
            "construction_cost": 0.0,
            "annual_benefit": 0.0,
            "npv_net": 0.0,
            "bc_ratio": 0.0,
            "avg_lane_length": 0.0,
            "base_total_time": 4588.320092800149
        },
        {
            "p": 1.0,
            "n_lanes": 1,
            "av_lane_edges": [
                [
                    "5_163.36",
                    "5_163.48"
                ]
            ],
            "time_saving": 0.0,
            "time_saving_pct": 0.0,
            "construction_cost": 193120.79999996157,
            "annual_benefit": 0.0,
            "npv_net": -193120.79999996157,
            "bc_ratio": 0.0,
            "avg_lane_length": 0.19312079999996157,
            "base_total_time": NaN
        },
        {
            "p": 1.0,
            "n_lanes": 0,
            "av_lane_edges": [],
            "time_saving": 0.0,
            "time_saving_pct": 0.0,
            "construction_cost": 0.0,
            "annual_benefit": 0.0,
            "npv_net": 0.0,
            "bc_ratio": 0.0,
            "avg_lane_length": 0.0,
            "base_total_time": 4865.390857084748
        }
    ]
}