{
    "p_values": [
        0,
        0.3,
        0.5,
        0.7,
        1.0
    ],
    "total_travel_times": [
        3979.8412234411253,
        3975.4049997754946,
        4042.4537450348516,
        4135.381854608682,
        4300.86411209157
    ],
    "average_speeds": [
        84.64336100536003,
        89.8079284419233,
        91.64237317191166,
        92.83235140426383,
        93.94692817883836
    ],
    "analysis_date": "2026-01-27T16:50:23.667608"
}