{
    "p": [
        0.0,
        0.05,
        0.1,
        0.15000000000000002,
        0.2,
        0.25,
        0.30000000000000004,
        0.35000000000000003,
        0.4,
        0.45,
        0.5,
        0.55,
        0.6000000000000001,
        0.65,
        0.7000000000000001,
        0.75,
        0.8,
        0.8500000000000001,
        0.9,
        0.9500000000000001,
        1.0
    ],
    "speed": [
        23.24810028076172,
        23.569093704223633,
        26.250852584838867,
        26.610097885131836,
        29.5128116607666,
        31.457128524780273,
        35.976009368896484,
        40.339752197265625,
        38.32106399536133,
        36.09756851196289,
        35.111053466796875,
        43.174278259277344,
        52.108707427978516,
        51.75444412231445,
        54.5770149230957,
        53.61263656616211,
        56.054351806640625,
        56.057003021240234,
        58.69358444213867,
        59.25776290893555,
        60.0
    ],
    "flow": [
        6611.75927734375,
        6659.49609375,
        6768.576171875,
        6826.4638671875,
        7237.29638671875,
        7293.1318359375,
        7693.10986328125,
        7698.34814453125,
        7327.90771484375,
        7329.85205078125,
        7310.08740234375,
        7936.10986328125,
        8433.072265625,
        8112.79833984375,
        8362.0078125,
        8742.81640625,
        9072.86328125,
        9238.103515625,
        10247.255859375,
        11866.28515625,
        13176.0
    ],
    "congestion": [
        0.2250632792711258,
        0.21436351537704468,
        0.12540684014558792,
        0.11439246386289596,
        0.04544365644454956,
        0.014203101098537445,
        0.0,
        0.0,
        0.0,
        0.0,
        0.003023797571659088,
        0.0,
        0.0,
        0.0,
        0.0,
        0.0,
        0.0,
        0.0,
        0.0,
        0.0,
        0.0
    ],
    "travel_time": [
        25.80856038790027,
        25.457067103623025,
        22.8564004944559,
        22.547831375518722,
        20.33015379546575,
        19.073578172507116,
        16.677780846886748,
        14.873665982526044,
        15.657185303430733,
        16.621618151404224,
        17.08863565051946,
        13.897163408193656,
        11.514390389154892,
        11.59320731147229,
        10.993639004358485,
        11.191391403770153,
        10.703896854782995,
        10.703390614240606,
        10.222582343586328,
        10.12525567193704,
        10.0
    ]
}