{
    "p_values": [
        0.0,
        0.05,
        0.1,
        0.15000000000000002,
        0.2,
        0.25,
        0.30000000000000004,
        0.35000000000000003,
        0.4,
        0.45,
        0.5,
        0.55,
        0.6000000000000001,
        0.65,
        0.7000000000000001,
        0.75,
        0.8,
        0.8500000000000001,
        0.9,
        0.9500000000000001,
        1.0
    ],
    "results": [
        {
            "p_av": 0.0,
            "mean_flow": 6611.75927734375,
            "std_flow": 457.3031921386719,
            "mean_speed": 23.24810028076172,
            "std_speed": 1.6079576015472412,
            "mean_density": 26.33333333333333,
            "congestion_index": 0.2250632792711258,
            "max_flow": 7732.7998046875,
            "min_speed": 19.139240264892578,
            "throughput": 367.3199768066406,
            "av_actual_percentage": 0.0,
            "p_value": 0.0,
            "simulation_id": 0,
            "use_optimized_params": true
        },
        {
            "p_av": 0.05,
            "mean_flow": 6659.49609375,
            "std_flow": 609.3340454101562,
            "mean_speed": 23.569093704223633,
            "std_speed": 2.1487011909484863,
            "mean_density": 26.16166666666667,
            "congestion_index": 0.21436351537704468,
            "max_flow": 8251.19921875,
            "min_speed": 18.467533111572266,
            "throughput": 369.9720153808594,
            "av_actual_percentage": 0.006772151898734179,
            "p_value": 0.05,
            "simulation_id": 1,
            "use_optimized_params": true
        },
        {
            "p_av": 0.1,
            "mean_flow": 6768.576171875,
            "std_flow": 456.3280029296875,
            "mean_speed": 26.250852584838867,
            "std_speed": 1.795736312866211,
            "mean_density": 23.893333333333334,
            "congestion_index": 0.12540684014558792,
            "max_flow": 7819.19970703125,
            "min_speed": 21.68000030517578,
            "throughput": 376.0320129394531,
            "av_actual_percentage": 0.06132127048868173,
            "p_value": 0.1,
            "simulation_id": 2,
            "use_optimized_params": true
        },
        {
            "p_av": 0.15000000000000002,
            "mean_flow": 6826.4638671875,
            "std_flow": 550.3714599609375,
            "mean_speed": 26.610097885131836,
            "std_speed": 2.080618381500244,
            "mean_density": 23.753333333333334,
            "congestion_index": 0.11439246386289596,
            "max_flow": 8208.0009765625,
            "min_speed": 21.91666603088379,
            "throughput": 379.24798583984375,
            "av_actual_percentage": 0.0454117596938743,
            "p_value": 0.15000000000000002,
            "simulation_id": 3,
            "use_optimized_params": true
        },
        {
            "p_av": 0.2,
            "mean_flow": 7237.29638671875,
            "std_flow": 560.9002075195312,
            "mean_speed": 29.5128116607666,
            "std_speed": 2.7349841594696045,
            "mean_density": 22.75,
            "congestion_index": 0.04544365644454956,
            "max_flow": 8812.7998046875,
            "min_speed": 22.33333396911621,
            "throughput": 402.072021484375,
            "av_actual_percentage": 0.11467327553009941,
            "p_value": 0.2,
            "simulation_id": 4,
            "use_optimized_params": true
        },
        {
            "p_av": 0.25,
            "mean_flow": 7293.1318359375,
            "std_flow": 445.52001953125,
            "mean_speed": 31.457128524780273,
            "std_speed": 2.267277240753174,
            "mean_density": 21.5,
            "congestion_index": 0.014203101098537445,
            "max_flow": 8164.7998046875,
            "min_speed": 25.083332061767578,
            "throughput": 405.1739807128906,
            "av_actual_percentage": 0.08384754707596027,
            "p_value": 0.25,
            "simulation_id": 5,
            "use_optimized_params": true
        },
        {
            "p_av": 0.30000000000000004,
            "mean_flow": 7693.10986328125,
            "std_flow": 584.1381225585938,
            "mean_speed": 35.976009368896484,
            "std_speed": 2.5782883167266846,
            "mean_density": 19.82333333333333,
            "congestion_index": 0.0,
            "max_flow": 8769.6005859375,
            "min_speed": 30.31578826904297,
            "throughput": 427.3949890136719,
            "av_actual_percentage": 0.12289490696059582,
            "p_value": 0.30000000000000004,
            "simulation_id": 6,
            "use_optimized_params": true
        },
        {
            "p_av": 0.35000000000000003,
            "mean_flow": 7698.34814453125,
            "std_flow": 557.1296997070312,
            "mean_speed": 40.339752197265625,
            "std_speed": 3.2388076782226562,
            "mean_density": 17.701666666666664,
            "congestion_index": 0.0,
            "max_flow": 8942.3994140625,
            "min_speed": 31.411766052246094,
            "throughput": 427.6860046386719,
            "av_actual_percentage": 0.1505532800608716,
            "p_value": 0.35000000000000003,
            "simulation_id": 7,
            "use_optimized_params": true
        },
        {
            "p_av": 0.4,
            "mean_flow": 7327.90771484375,
            "std_flow": 601.55517578125,
            "mean_speed": 38.32106399536133,
            "std_speed": 2.735734224319458,
            "mean_density": 17.716666666666665,
            "congestion_index": 0.0,
            "max_flow": 9072.0,
            "min_speed": 30.0,
            "throughput": 407.10595703125,
            "av_actual_percentage": 0.15095000940377773,
            "p_value": 0.4,
            "simulation_id": 8,
            "use_optimized_params": true
        },
        {
            "p_av": 0.45,
            "mean_flow": 7329.85205078125,
            "std_flow": 620.2344970703125,
            "mean_speed": 36.09756851196289,
            "std_speed": 2.9760196208953857,
            "mean_density": 18.823333333333334,
            "congestion_index": 0.0,
            "max_flow": 8856.0,
            "min_speed": 30.631580352783203,
            "throughput": 407.2139892578125,
            "av_actual_percentage": 0.18310609991931492,
            "p_value": 0.45,
            "simulation_id": 9,
            "use_optimized_params": true
        },
        {
            "p_av": 0.5,
            "mean_flow": 7310.08740234375,
            "std_flow": 663.6422119140625,
            "mean_speed": 35.111053466796875,
            "std_speed": 3.468217134475708,
            "mean_density": 19.328333333333333,
            "congestion_index": 0.003023797571659088,
            "max_flow": 8726.400390625,
            "min_speed": 26.34375,
            "throughput": 406.115966796875,
            "av_actual_percentage": 0.11696588903121644,
            "p_value": 0.5,
            "simulation_id": 10,
            "use_optimized_params": true
        },
        {
            "p_av": 0.55,
            "mean_flow": 7936.10986328125,
            "std_flow": 518.3262329101562,
            "mean_speed": 43.174278259277344,
            "std_speed": 3.5293116569519043,
            "mean_density": 17.07166666666667,
            "congestion_index": 0.0,
            "max_flow": 9244.7998046875,
            "min_speed": 34.47272491455078,
            "throughput": 440.8949890136719,
            "av_actual_percentage": 0.27504930144321316,
            "p_value": 0.55,
            "simulation_id": 11,
            "use_optimized_params": true
        },
        {
            "p_av": 0.6000000000000001,
            "mean_flow": 8433.072265625,
            "std_flow": 546.0545043945312,
            "mean_speed": 52.108707427978516,
            "std_speed": 3.9608676433563232,
            "mean_density": 15.063333333333334,